t,s,phi1,Ds,Dphi1,u
0,0,0,0,0,0.00385351375318763
0.05,4.5450190889239e-05,-0.000138300892336266,0.0034123865100761,-0.0103469325843708,0.201694247719487
0.1,0.000709119485245484,-0.00212463538314379,0.0289440820513644,-0.0859566570040906,0.901194919983876
0.15,0.0037703910016127,-0.0110712997140634,0.10511873206464,-0.3038802396792,2.29749445165576
0.2,0.0128101226724103,-0.0367553355503666,0.277088005436241,-0.777302412331588,4.72629644153075
0.25,0.0336154602836506,-0.0938991113784393,0.572017505099704,-1.5400014461048,6.7506935945654
0.3,0.0707894275369671,-0.190548842945994,0.913915428638087,-2.29149556399787,6.64173090924779
0.35,0.124284771360337,-0.317378087795596,1.21382559519468,-2.70837117132235,5.20490525764472
0.4,0.190654996613453,-0.453319877370422,1.42372244146726,-2.64430428724969,3.13440233597584
0.45,0.264834437588524,-0.573796321815136,1.52517655360366,-2.10388398905616,0.932415218945493
0.5,0.341397761311956,-0.65754467546847,1.52050700196304,-1.19494673401882,-1.06562652274933
0.55,0.415377458873594,-0.689516585689252,1.42550651148782,-0.0555005332271816,-2.66284446513221
0.6,0.482811167117301,-0.661347756838897,1.26255097694621,1.18775094684409,-3.7717493219458
0.65,0.540881592866423,-0.570782433349601,1.05675898558009,2.42596149430891,-4.38600243820142
0.7,0.588171759804494,-0.420732584619674,0.832535184619541,3.54848028094206,-4.55461629268905
0.75,0.62414407043384,-0.219654286571673,0.606222240013916,4.44702845705408,-4.41953542243634
0.8,0.648805755254797,0.019139052069534,0.370778544177008,5.06850791933748,-5.19577804746429
0.85,0.660117442971381,0.284301598581022,0.0737539206833906,5.48709902598754,-6.75064856318519
0.9,0.654800684858913,0.564071838224239,-0.294154367416108,5.6531916712917,-7.80938211733528
0.95,0.630296573074013,0.842078758892358,-0.686791710453924,5.38751325381831,-7.65951200112691
1,0.586777805193409,1.09382841321335,-1.04490121585772,4.60278333940051,-6.53571643240647
1.05,0.526997802674374,1.29558448775558,-1.33752681975002,3.42188026708304,-5.18697718666195
1.1,0.454018761742046,1.43271009071634,-1.57274740086173,2.04796119025724,-4.35395541623029
1.15,0.370132470776811,1.50012569231323,-1.78006180095317,0.649849165614734,-4.0037529210607
1.2,0.276185044546541,1.49846076275908,-1.97484073884537,-0.705442680843688,-3.76015722339196
1.25,0.172949083121278,1.43101702344119,-2.14991243355074,-1.97347953901237,-3.14294178736132
1.3,0.0619492177435301,1.30286543934578,-2.27825784449906,-3.13611144475021,-1.85138443253137
1.35,-0.0533982419334765,1.11879602255977,-2.32108854132853,-4.2175776347751,0.164525701572593
1.4,-0.168347545161939,0.881758950061658,-2.25743608691284,-5.26105608245641,2.36509256883317
1.45,-0.277368723340279,0.592774396395918,-2.08827212392627,-6.29698931326103,4.26003974592191
1.5,-0.375916189176547,0.254188234997632,-1.84314688882483,-7.2067155948996,5.48054690833411
1.55,-0.460993118965973,-0.122739806062473,-1.55504052936065,-7.79604798941535,5.99897480962008
1.6,-0.531148651484317,-0.516451186054355,-1.25072188613742,-7.8444407958375,6.10633843764252
1.65,-0.586130593196967,-0.896358306930363,-0.950682610913985,-7.24985265592074,5.8420612630794
1.7,-0.626570806324922,-1.23187546324234,-0.67158765127188,-6.09338056112161,5.28254081701762
1.75,-0.653845919028455,-1.50007995665882,-0.425890116703704,-4.6008915448817,4.5207965700711
1.8,-0.66984920919553,-1.69006977606767,-0.221331700737556,-2.99103947276471,3.65082765838576
1.85,-0.67672388063399,-1.79984588853279,-0.0611971904619283,-1.4136914807573,2.75700663945111
1.9,-0.67669764812818,-1.83315579473988,0.0550809405277231,0.0628674062762486,1.90779982498501
1.95,-0.671887171571444,-1.79521000293695,0.131213295958594,1.43981936319486,1.15299803207236
2,-0.664159073454038,-1.69058224496247,0.172624126199472,2.73327830926676,0.52361451998495
2.05,-0.654987438231987,-1.52322601585747,0.188629749102649,3.95524446684967,0.0336450299820398
2.1,-0.645828155991311,-1.29598177131023,0.176498706877337,5.11442744297475,-0.317029078393816
2.15,-0.637491489728538,-1.01407902675252,0.164031346777099,6.11493301024847,0.478061549464837
2.2,-0.627299129380867,-0.692582479372133,0.27644969355817,6.60360172876148,4.19492356120377
2.25,-0.606558345569216,-0.369904819487887,0.579420566166804,6.16371681417413,7.79698709203802
2.3,-0.566941200798573,-0.0914728730319887,1.02246964578844,4.84810822973022,9.56293227441951
2.35,-0.503864933635855,0.109240434476503,1.4955988576637,3.16121181810946,8.97699302646493
2.4,-0.418883233139596,0.227379583338169,1.8786252850686,1.6318531163025,5.96232761938316
2.45,-0.319497154753828,0.282300865750839,2.05213633825775,0.698578146259366,0.653602390488484
2.5,-0.2187804950779,0.311987271601946,1.92213882146201,0.641448515134626,-5.91065391076784
2.55,-0.132713049288278,0.361063853091155,1.47101718016762,1.44751970486471,-11.8029211492776
2.6,-0.0753698102486008,0.464080836220471,0.799796934387123,2.68875443334133,-14.4921005491396
2.65,-0.0536101504597875,0.626389945632693,0.0733950689319938,3.72325247137291,-14.1839557069956
2.7,-0.0668968088482845,0.825566977157614,-0.586681286405804,4.11922430760492,-11.9967267199129
2.75,-0.109950819888934,1.02568673245056,-1.10914890540271,3.77006208588765,-8.82842845190275
2.8,-0.174911980508149,1.19255989616556,-1.45493647796154,2.82166254885857,-4.75070346104556
2.85,-0.251398774449462,1.30138691090776,-1.55819830530722,1.48730386308963,0.78238475140795
2.9,-0.325844259285641,1.33807224130915,-1.37021039527212,-0.0457229308449807,6.75189616380639
2.95,-0.383478322080906,1.29459087734212,-0.886732474327925,-1.72517356797538,12.4764362277247
3,-0.410216580484537,1.16119791649259,-0.148967693904138,-3.66621419139728,16.6770362993962
3.05,-0.39614625037234,0.921936032477485,0.717640489326158,-5.95810744097279,17.3302693958999
3.1,-0.339415059581044,0.563368633111278,1.53103829769126,-8.35235327897758,14.8343370930748
3.15,-0.245963900914701,0.0961746236693561,2.17269707212952,-10.172375406566,10.6548282991353
3.2,-0.125972532988154,-0.431222266030737,2.58666710040751,-10.6589614808584,5.89606316899558
3.25,0.00880268220350294,-0.944923411061868,2.76560062814646,-9.68646912777956,1.27302024250131
3.3,0.146702094483387,-1.38626212243269,2.71050767130033,-7.91039683727603,-3.50861606988659
3.35,0.275845251468613,-1.73690619075897,2.41581288585561,-6.17674987136921,-8.23991614530009
3.4,0.384472946497184,-2.01488670676823,1.89169749043244,-5.06794043167553,-12.6911742217084
3.45,0.461428815106618,-2.25928509318075,1.1543331322485,-4.87081923872188,-16.6585995792939
3.5,0.49706538140461,-2.51854304793819,0.248665967255728,-5.68126807423061,-19.2602686149912
3.55,0.485063611685494,-2.84251732077726,-0.729392177380715,-7.40423391840712,-19.4136456935079
3.6,0.425259139863491,-3.26748193977893,-1.63906569905226,-9.61703354959322,-16.4994023777454
3.65,0.32468460151924,-3.80015629175984,-2.33977350267738,-11.5849026542775,-11.2644422199625
3.7,0.19620547531146,-4.41333958016095,-2.74772865721345,-12.8342377235306,-4.96048448594575
3.75,0.0552949301206772,-5.0742377246313,-2.8334897357082,-13.5744586996376,1.42767718020131
3.8,-0.0821642245549265,-5.77263947509433,-2.6227595805077,-14.3275994502838,6.75497058156558
3.85,-0.203360968973274,-6.50833340998118,-2.19946007458965,-15.0188473252916,9.86938322658393
3.9,-0.30045599107413,-7.25856663553918,-1.67630380576444,-14.8049669224557,10.7240665509106
3.95,-0.370975165203648,-7.96144311068218,-1.14633382346206,-13.1355964770225,10.3824573518602
4,-0.415524407704553,-8.55724745299356,-0.642339270154671,-10.6055584269942,9.67301082284322
4.05,-0.436100014177603,-9.02531824933726,-0.193871189124454,-8.19391706441509,8.07309781135024
4.1,-0.436760793159582,-9.38930832082014,0.144111318543174,-6.51571391614989,5.26429817437273
4.15,-0.424478851680869,-9.69343539618159,0.314048087842062,-5.84223466265564,1.49959246252163
4.2,-0.408547470001225,-9.98918596529835,0.296246644195952,-6.14566358681427,-2.06969495833764
4.25,-0.397206067900629,-10.3199212250902,0.140842488636833,-7.13532496443188,-3.99453916540171
4.3,-0.395503027321375,-10.7064807789047,-0.0774265061243271,-8.30814157755826,-4.50470779756018
4.35,-0.40490431237688,-11.1476864271633,-0.295089017400339,-9.29098899921264,-4.08972990912471
4.4,-0.424388758559685,-11.6285107272625,-0.477593626601667,-9.87137209666153,-3.14417728645267
4.45,-0.451745869435253,-12.126211401613,-0.605924130300152,-9.94006721554471,-1.97109549817887
4.5,-0.484081901624677,-12.6148631885075,-0.66907359177715,-9.52095636297883,-0.315771670205689
4.55,-0.516769853711788,-13.0742560924272,-0.624257471283042,-8.78065414552631,2.18956709151064
4.6,-0.544191318302277,-13.4892788874713,-0.45329627089281,-7.80790272812387,4.5895017214248
4.65,-0.560429614665062,-13.8492519310326,-0.180469558197751,-6.55898754840701,6.09209609192751
4.7,-0.56170034873905,-14.1393880753395,0.12882915769311,-5.01090692991928,5.98758228872676
4.75,-0.54834278600402,-14.3478532333888,0.391508925206729,-3.31927855962727,4.31278231844412
4.8,-0.524442952762577,-14.4730817680127,0.539539561271594,-1.72442853466287,1.47979223604594
4.85,-0.496977490425709,-14.5245271808712,0.536067917966926,-0.370599416308689,-1.57035581416554
4.9,-0.473079797165977,-14.5140294709174,0.401586902047806,0.758392794090275,-3.56768735621238
4.95,-0.45786653438424,-14.4502218378904,0.201778428226305,1.79477091742866,-4.19663631569367
5,-0.452824075475847,-14.3336995930242,0.00724644203197938,2.87462439475648,-3.33475127471006
5.05,-0.455783173175707,-14.1611717149983,-0.105318817184586,4.04078848321744,-0.923859290686779
5.1,-0.460858000345471,-13.9300329398233,-0.0682649542017421,5.17703914504902,2.48023229448557
5.15,-0.459589982267612,-13.649561183306,0.147244522052377,5.95470418438477,6.1430084820302
5.2,-0.4431048804182,-13.346150928304,0.541589840592164,6.03450346445878,9.54695242814274
5.25,-0.403079513387828,-13.0608037897225,1.0740962038678,5.24433594016114,11.365137523785
5.3,-0.335187846018938,-12.8310254609118,1.63741037286332,3.90027282435719,10.8073023161281
5.35,-0.24069333419468,-12.6716158652849,2.12027410162794,2.51538803935626,8.25780066393667
5.4,-0.125789319224172,-12.5735498471802,2.44726903008163,1.47909446283304,4.73755515716854
5.45,0.000957223595895451,-12.5152519251997,2.59162614336181,0.940540298404367,1.06404881500488
5.5,0.130458757853767,-12.4715836922689,2.55893070641995,0.893146938385801,-2.44053601168335
5.55,0.25370453694089,-12.4175909666178,2.33894291986151,1.34521723898506,-6.38618520390775
5.6,0.361046386948928,-12.3292470299083,1.92122289920492,2.25727256793534,-10.287997135443
5.65,0.442713816880089,-12.1873690653502,1.31519214400644,3.47166130298799,-13.8602858573283
5.7,0.489921176458436,-11.9818830284299,0.556351376544257,4.69611220546976,-16.2148414207142
5.75,0.497196346980507,-11.7247083130303,-0.268568221743523,5.45910696320569,-16.3422816309522
5.8,0.464147664863964,-11.4508272427771,-1.03132443924289,5.3376669020976,-13.7060908708902
5.85,0.397451222690513,-11.2059596734438,-1.5906811700861,4.33495620397921,-8.23684943726921
5.9,0.310590078198934,-11.0252457317229,-1.82251723972839,2.85986584423803,-0.863701936411054
5.95,0.221626661618392,-10.9199476863454,-1.67206049345248,1.37657976575196,6.71877660654518
6,0.148827265784334,-10.8839505129453,-1.19992392154471,0.09279202483694,11.5520008269315
6.05,0.104158694272202,-10.9086241731524,-0.57515606320193,-1.0729906094261,12.9925229602895
6.1,0.0914581077346501,-10.9920936086681,0.0602412779214055,-2.28499917319856,12.1282969127634
6.15,0.108797432936701,-11.1395052621108,0.614213930775117,-3.63432110456312,9.8755813961629
6.2,0.150676597293099,-11.3571337108416,1.03645473893225,-5.07451062205766,6.96035837588094
6.25,0.20991450276833,-11.6449885549383,1.30834678623512,-6.39127335449544,3.92479569931381
6.3,0.279048239182845,-11.9890149006659,1.43333554922101,-7.26416677673528,1.14304836226538
6.35,0.351127008058699,-12.3590951842298,1.43075981858615,-7.40682899868687,-1.15626859832685
6.4,0.420448807981732,-12.716193567373,1.32781644545776,-6.75614227336556,-2.86376214102102
6.45,0.482738396522372,-13.0246921436397,1.15470616761892,-5.50848053935444,-3.96171805340018
6.5,0.53524980592126,-13.2618933857361,0.941146969607311,-3.94603320670192,-4.49751872434012
6.55,0.576575285221339,-13.4178978433723,0.712048265519896,-2.29799567763328,-4.55966175521016
6.6,0.60622082195895,-13.4917572648299,0.483849518169546,-0.690261208917583,-4.25744910970138
6.65,0.625993564478796,-13.4899382573604,0.294184839735436,0.776315948118921,-3.79049455947023
6.7,0.635193778025993,-13.4147729067601,0.0612302064083406,2.24427302932985,-6.52097955406883
6.75,0.627706396032178,-13.2589863844267,-0.410931704493712,4.10092376274284,-12.3418594796332
6.8,0.589840036571655,-12.9955474176047,-1.12914194479365,6.46531294810854,-15.9728750489152
6.85,0.513464433842318,-12.6122970681358,-1.92247094594737,8.78143899728598,-15.1147337348645
6.9,0.399730056419432,-12.1350769656967,-2.59755624043311,10.0683372283702,-11.5913419757008
6.95,0.257268018317118,-11.6321826244475,-3.06124183441325,9.79006828720734,-6.85584218617863
7,0.0977003517661953,-11.17623648295,-3.28051750380758,8.3338479071009,-1.95324077615964
7.05,-0.0668654576025933,-10.803647138826,-3.26559887984816,6.57731109619922,2.4254847401086
7.1,-0.225566656301514,-10.5115946691339,-3.05361547740643,5.19591772137655,5.88272196785287
7.15,-0.369798538647095,-10.2735196761225,-2.69591454631559,4.43643806674151,8.25154540627757
7.2,-0.493727178422621,-10.0578303224443,-2.2494798609934,4.28823896313544,9.611557127403
7.25,-0.593425007372937,-9.83406420692858,-1.72567323347965,4.76528551430816,11.4077818973302
7.3,-0.664768830227842,-9.56993369903802,-1.11541132576039,5.91364635261418,12.7892497046067
7.35,-0.704486064813815,-9.23456623756588,-0.472728518637932,7.56515522510842,12.7499363229511
7.4,-0.712547033477899,-8.81074392466176,0.138874514547999,9.38202201370555,11.482016741895
7.45,-0.692152940322432,-8.30006169885484,0.654621453774613,10.9686819023836,8.86844179957991
7.5,-0.649973329448005,-7.72459910583298,0.994019073680915,11.938564707208,4.46188637619138
7.55,-0.597068539538131,-7.11245554519525,1.08238670387517,12.4918749369099,-0.931061693196865
7.6,-0.545660647719275,-6.47704035791819,0.94163529245067,12.9097272615085,-4.36201735558861
7.65,-0.504874901336859,-5.82951773748514,0.676688729349652,12.8655863124001,-5.97898528203133
7.7,-0.478726425113616,-5.2059371877454,0.365934108849646,11.9433389745671,-6.27599295759063
7.75,-0.468109588907303,-4.64936077907605,0.0641896526636074,10.2069559205769,-5.68680483521655
7.8,-0.471583211688845,-4.18999299398551,-0.193766542621301,8.18291424975541,-4.57497296257212
7.85,-0.486432854687286,-3.82749337353706,-0.3893952793394,6.36540357586255,-3.22970191680927
7.9,-0.509372244386144,-3.54487140240679,-0.51648085955289,5.0245410924423,-1.86705499733208
7.95,-0.536997326037894,-3.3157699491129,-0.578319274493311,4.21355586102618,-0.635505893153421
8,-0.566262381987151,-3.11530824802726,-0.583902040470172,3.88986472038453,0.375403801503582
8.05,-0.594644012465082,-2.92024440086936,-0.545328117237545,3.97921541519106,1.12457513165909
8.1,-0.620276353995886,-2.71173443870754,-0.476199347624649,4.41136144911435,1.6081933159473
8.15,-0.641961629779004,-2.47442591794124,-0.38849976076822,5.12408096857513,1.84886325290901
8.2,-0.659005967771212,-2.19594156099027,-0.284648984299546,6.06515999881573,2.59953039544744
8.25,-0.668882305545475,-1.86426302057518,-0.0904878831013442,7.21515074946688,5.40024632559977
8.3,-0.665288413155965,-1.47504281572829,0.256250863835142,8.29152191647036,8.36236704349957
8.35,-0.641273029528989,-1.04548692944362,0.718843060548131,8.73999009523077,9.73003842980824
8.4,-0.593361358298862,-0.615167301285794,1.1852955333455,8.3641245137303,8.47855032959255
8.45,-0.525169856176097,-0.215217119640311,1.5092227279468,7.62942111953561,4.1490635974132
8.5,-0.446979304327182,0.151339494956967,1.56391030960288,7.11983423052244,-2.11650744256442
8.55,-0.374042842100742,0.504270543516271,1.3100319237592,7.03534630338807,-7.59912836760801
8.6,-0.319299488848246,0.853480286905418,0.857300221709246,6.87440550137809,-10.1359981985649
8.65,-0.289437371284111,1.18280010910096,0.335951219664403,6.18608725590371,-10.4010671673643
8.7,-0.285223605511819,1.46227885957647,-0.158342339534639,4.91853314731108,-9.18297098128074
8.75,-0.303829745088194,1.66872250574544,-0.568417243065221,3.30255260887977,-7.12885340704017
8.8,-0.340187933692025,1.79215852880514,-0.865658479540391,1.64764682971943,-4.74257058072913
8.85,-0.388394554715103,1.83558073749547,-1.04335129182553,0.112387567790062,-2.39152210405491
8.9,-0.442654912156242,1.80620716578497,-1.10959567721925,-1.26237299993402,-0.320261342365846
8.95,-0.497793836308353,1.71144193039997,-1.08237129903775,-2.51851829930527,1.33131804484266
9,-0.549717604002656,1.55468682178083,-0.984700395998914,-3.7394109959616,2.50742026818629
9.05,-0.595481187407396,1.33720561478701,-0.839816989444798,-4.9631591118993,3.21536887172735
9.1,-0.633282804997502,1.0587366247456,-0.670205263310008,-6.17134399074563,3.50578769342524
9.15,-0.66239805256048,0.722141015682583,-0.495013631256805,-7.25298189969232,3.45507592834693
9.2,-0.682960184546595,0.339506738767401,-0.329022186859281,-7.99040732294618,3.15087222102717
9.25,-0.695651721788572,-0.0679656322394551,-0.182755006037219,-8.20456538441137,2.68080724936226
9.3,-0.70165643989963,-0.47039260868414,-0.0624469940920314,-7.7785211718665,2.12451861556495
9.35,-0.702365484436662,-0.836259040325852,0.0293556281247876,-6.7781337286032,1.54865770888524
9.4,-0.699194200666995,-1.14175766487942,0.0929673115111998,-5.3954848317113,1.00445638744562
9.45,-0.69347385208898,-1.37340680581663,0.13147363202226,-3.86024253170456,0.527334919906419
9.5,-0.686474762614098,-1.52775037163491,0.146232308595387,-2.31918714261851,0.161779261969031
9.55,-0.678725896386693,-1.60639996124476,0.1725404495759,-0.838446070594963,1.21969745271344
9.6,-0.667601147501751,-1.61254207001271,0.292412489916288,0.582648721300724,3.69086872173306
9.65,-0.647224773053529,-1.5492768282298,0.545528743989971,1.92840552481581,6.32276930499609
9.7,-0.611057089882902,-1.42255191260766,0.91258048940029,3.10470036424585,8.05027908685418
9.75,-0.555431224449656,-1.24431459631758,1.31214636422468,3.99221845712711,7.8472944623853
9.8,-0.480714907576639,-1.02829875499792,1.66235760703492,4.58852863031798,5.95141562328649
9.85,-0.391148601310771,-0.788006301677968,1.89659778381973,5.00482003841705,3.32206991923868
9.9,-0.293396517086816,-0.528419553591458,1.99234423119777,5.36740630422133,0.55548277587858
9.95,-0.194082248869077,-0.251440157620413,1.96186632053231,5.7046969097538,-1.59846541810948
10,-0.0985230486277558,0.0395179525491386,1.8563226092494,5.87783300167886,-2.25479238048034
10.05,-0.00808647466356152,0.328376577962372,1.76529204120113,5.60134839937565,-1.27614323225973
10.1,0.0789004873882521,0.590938301439099,1.72108991548623,4.82889996474626,-0.723870352610238
10.15,0.163956632519573,0.807466290474647,1.67786067813239,3.80367719899152,-1.10445175032059
10.2,0.246148738143927,0.969924313022537,1.60357633595207,2.68877070227573,-1.90696678160851
10.25,0.323532123413363,1.07631854556309,1.4846758343979,1.57016535018622,-2.78373457389458
10.3,0.39394727428354,1.12758553243154,1.32583136829151,0.484844968215919,-3.51946086691313
10.35,0.455777221548682,1.12578267118253,1.13761893394562,-0.531778824441937,-4.23416614569799
10.4,0.506631793913444,1.07706471267493,0.883377753010316,-1.3771496556034,-6.13711354131241
10.45,0.542260470737558,0.992858766126156,0.524920661783906,-1.93316714511913,-8.13546424286882
10.5,0.557676871734696,0.889526842809047,0.0814116230670654,-2.14981713452005,-9.48857599941566
10.55,0.549639983041927,0.783009028096982,-0.406365989175478,-2.06731708091905,-9.82642057719807
10.6,0.517284425461554,0.685510394407236,-0.878406789122618,-1.82232685422558,-8.80935708416179
10.65,0.463368625610129,0.599753367214737,-1.25786333663067,-1.63546703054734,-6.21726912386877
10.7,0.393955420728217,0.518069949570495,-1.49355041880426,-1.67846218022656,-3.20929326021568
10.75,0.316477730371157,0.427588389523434,-1.57917264441538,-1.9906640384138,-0.203839969757924
10.8,0.238719284418165,0.313954178369734,-1.50259521981421,-2.60590544867299,3.36291410727108
10.85,0.16934723065561,0.161082969488535,-1.23999609793582,-3.57061647546422,7.15104742524133
10.9,0.117839380617698,-0.0480031489899022,-0.793708041054836,-4.81543854762153,10.4699605558356
10.95,0.0919311603966084,-0.319517620928545,-0.233605441470688,-5.9848745946288,11.5372762610258
11,0.0944071184506688,-0.636090663508667,0.324742263280428,-6.54770504563588,10.5369270590364
11.05,0.122993670630382,-0.959487514364128,0.799664692467533,-6.24042059491856,8.32887997895881
11.1,0.172260135130146,-1.24754973936711,1.14866650059731,-5.18644411677782,5.58383793239626
11.15,0.235503630243415,-1.47125666336481,1.35747642556846,-3.72120795076049,2.79379597374674
11.2,0.30578621512866,-1.61866298851358,1.43295519453948,-2.18148244660564,0.290478980105036
11.25,0.376900749939558,-1.69089511309532,1.39479815683281,-0.725958440250233,-1.73085534670658
11.3,0.443845598611996,-1.69317187061357,1.27344824886554,0.621201560606493,-3.18484922460338
11.35,0.50309667441266,-1.63055019377327,1.07668690426796,1.8913494419887,-4.66275794400405
11.4,0.549394854110547,-1.50450459880456,0.745584712804948,3.15864961394627,-8.64379367584323
11.45,0.573753577110778,-1.31131925911305,0.184688555156208,4.6221749917916,-13.9025570882534
11.5,0.563550524864487,-1.03406020227185,-0.620547358158496,6.57761929906286,-17.7037616151376
11.55,0.51037917586856,-0.644120048032096,-1.50485206919206,9.03126541286402,-17.2260298837323
11.6,0.41477321059595,-0.133689591591164,-2.29054125681459,11.2586282356318,-13.7886235198513
11.65,0.285022776033131,0.457913445451201,-2.85212706883846,12.1236457916739,-8.35184673259328
11.7,0.135313947717147,1.04572263427552,-3.06716919133248,11.0860776475855,0.158182958162056
11.75,-0.0138103100599794,1.54996422718505,-2.81357524097782,9.09031743244697,10.0564036911987
11.8,-0.137904693888687,1.96658901680446,-2.08065889523372,7.77250246546718,18.4604767920241
11.85,-0.21709955960808,2.35369080500651,-1.06186149689996,7.96548336758681,21.5033386548003
11.9,-0.243407924552724,2.78561784945362,0.00086436042450222,9.49078564488759,20.4806637021104
11.95,-0.219039427851232,3.31368233266905,0.944118406567065,11.6696190652802,16.9621462264358
12,-0.152555946811189,3.94882336693543,1.67605972905338,13.6395175029256,12.1994881806547
12.05,-0.055601004260847,4.66338478070641,2.1588068474569,14.7721904232572,7.13515122598678
12.1,0.0592217557879596,5.41399873478065,2.39568582635209,15.1165094619421,2.42712112555068
12.15,0.180310952807977,6.1677151921361,2.41528982099609,14.9758338776472,-1.51465792868066
12.2,0.297745541232508,6.90211923184146,2.2587157172997,14.3181178691132,-4.48488592765139
12.25,0.404146803332388,7.5865106733547,1.98216041560665,12.9559410636205,-6.43697467466731
12.3,0.49508334676079,8.18582777298168,1.63591232894203,10.9187851806454,-7.78061517721418
12.35,0.565849290145276,8.67141108334716,1.16942378474778,8.42862066580257,-11.3114839851216
12.4,0.60820392895559,9.0223359156225,0.483630247554254,5.53250572722321,-16.1444131798028
12.45,0.610184600641306,9.21717188597962,-0.429622395106587,2.22648481503452,-19.7448914338794
12.5,0.563868953450288,9.24520575721005,-1.41948520946312,-1.0614422641369,-19.1359273495073
12.55,0.470346021911312,9.11944130121747,-2.29173469216902,-3.87150823861567,-15.3883612702493
12.6,0.338661363254444,8.86978510592333,-2.93315301191332,-5.9979199608048,-10.1201690053097
12.65,0.181575412677945,8.53162871581902,-3.30199643616891,-7.41973714158327,-4.51772264963344
12.7,0.0130057358596795,8.13607526554269,-3.39036466690663,-8.38176669933723,1.2859452531675
12.75,-0.151901099902443,7.69296983281805,-3.15650725573141,-9.37678368867772,7.98443648114819
12.8,-0.297182510464024,7.18948269215218,-2.59896193511847,-10.871377559761,14.1495830473379
12.85,-0.407146585114026,6.59189342739729,-1.75299913212665,-13.1727157167832,19.5985050835492
12.9,-0.468347049289537,5.86790662362834,-0.665380131369945,-15.6605841770575,23.1980657216357
12.95,-0.472592670351687,5.05888781930223,0.487897847367476,-16.2231829226242,22.2983158944057
13,-0.421739966494103,4.29471538717822,1.51315807964768,-13.9582765529569,18.3600674629858
13.05,-0.325313147260763,3.67833502746062,2.29845573836511,-10.7305524854901,12.912792582116
13.1,-0.196675865798319,3.20603612404469,2.79835006061144,-8.39248262153226,7.09815690510129
13.15,-0.050207093891546,2.81430024302845,3.01562058671028,-7.51552245828164,1.70622207410385
13.2,0.100735001273679,2.43345136700544,2.98453782443905,-7.88713310361114,-2.77601258507953
13.25,0.244981423459295,2.01388184391636,2.7576177286018,-8.96559532167389,-6.10912430140944
13.3,0.374222832200161,1.53685163034509,2.3941910929119,-10.0503008336126,-8.24390372839989
13.35,0.483091308894651,1.0200548106167,1.95230479361495,-10.4540042105473,-9.26636920952352
13.4,0.569017519641696,0.508610553520023,1.48366039460947,-9.85394155967723,-9.34835576504645
13.45,0.631718312224685,0.0492401818108166,1.02992132310592,-8.40627326246406,-8.70575702003995
13.5,0.672765334688745,-0.326093371410066,0.621573521966352,-6.57727286444804,-7.56544922031921
13.55,0.694965886786033,-0.60795048719003,0.278125931622223,-4.70597543725811,-6.14103208790517
13.6,0.701823297853309,-0.799007279069585,0.00915266362985247,-2.96783969897561,-4.61682623901888
13.65,0.697138304999639,-0.907553517963477,-0.184327337015923,-1.40548025940739,-3.13908409106833
13.7,0.684572233118353,-0.942444597021188,-0.307484205437,-0.0187528738257536,-1.81308997236673
13.75,0.667448952336797,-0.91255463688921,-0.368153659790962,1.18493451118164,-0.732180009619388
13.8,0.647917463658331,-0.825997751607936,-0.431274580520945,2.29551887335689,-2.72899689295225
13.85,0.620730003419435,-0.677606214371304,-0.698979375584957,3.71291726214524,-8.13921459758247
13.9,0.573393201132749,-0.446255490548578,-1.23358006006444,5.62262367453024,-12.667308851253
13.95,0.49541189290375,-0.114267664301057,-1.89116793815578,7.60880911784404,-13.0351264462458
14,0.38538018100919,0.302990905865882,-2.48748873070344,8.88894250845811,-10.4801945922151
14.05,0.249538931181036,0.752365991992313,-2.9141630570453,8.87214810184313,-6.47114298456652
14.1,0.0974634856813054,1.17021971529437,-3.12958520218536,7.68581770096384,-1.97627654798688
14.15,-0.0590458814166764,1.51216939451063,-3.07745440809967,5.96222975651154,4.42640613058147
14.2,-0.204182271480766,1.7699077522485,-2.66434398276985,4.42942427536492,12.1420915787779
14.25,-0.319114605131819,1.96785846128728,-1.87248232382115,3.6322405999051,19.202598357293
14.3,-0.386765525797253,2.14917819897384,-0.804680589510933,3.7613564669791,22.8163955083871
14.35,-0.398506909725427,2.35659124856333,0.326951618060796,4.64928517591825,21.8322219420329
14.4,-0.356268021111192,2.62078017474364,1.33106462604049,5.95969126979699,17.9891987637626
14.45,-0.269327894636568,2.95367414522058,2.10219598135758,7.33705970508543,12.7286199538029
14.5,-0.15066622234324,3.35005080296251,2.59829169263309,8.45858315514061,7.12861849130664
14.55,-0.0140654899880936,3.79302410783724,2.82280460966335,9.21798523002036,1.9367545581666
14.6,0.127568307529787,4.2681577927757,2.80096596181819,9.77252320651886,-2.85923008314115
14.65,0.261463759672447,4.76892773038493,2.48677152075277,10.4050998510579,-10.0367550894254
14.7,0.369540112241443,5.3274085928192,1.79166582915129,11.9944742778767,-17.6026608735441
14.75,0.434836086983089,5.98882429136198,0.772017102903663,14.6408440536328,-22.5003608681795
14.8,0.44487956634885,6.78883135984371,-0.372239690539533,17.1214089040735,-22.5677803393665
14.85,0.399239646715634,7.6547432288529,-1.42582253359013,17.0207362776421,-19.1576614852383
14.9,0.306038521223962,8.44635349666047,-2.25802766649812,14.4014726774968,-13.9133644461048
14.95,0.178396583686307,9.09386619265189,-2.7912955377225,11.6474202742781,-7.15914687331844
15,0.0331766539659586,9.63959680011349,-2.94957199072119,10.5292445301566,0.873989105549633
15.05,-0.110048155997217,10.1773591542796,-2.72227844014886,11.2125599137548,7.86856233561526
15.1,-0.234376931102517,10.7726756697396,-2.21891270481616,12.5557624503471,11.6342079403648
15.15,-0.330508147659125,11.4187623494876,-1.62861276232065,13.0913885874888,11.3793204537033
15.2,-0.39896543067213,12.0612534440653,-1.13938786998398,12.448840822342,7.8864274767465
15.25,-0.447447465554813,12.6539291865808,-0.824891696524981,11.1856617011774,4.8893893729407
15.3,-0.483474801705208,13.1747144023536,-0.632259125263622,9.6112472743886,2.95812987063382
15.35,-0.511956891838243,13.6122971093388,-0.516009840463035,7.88891999066663,1.78725932541421
15.4,-0.535817124754907,13.9628564506969,-0.444686501777271,6.14153936305803,1.13846938675333
15.45,-0.556772896703375,14.2278576958521,-0.396649135448044,4.46617354457463,0.829350325743938
15.5,-0.57564381812742,14.4120823270797,-0.358306468325382,2.92428122306576,0.724066433841486
15.55,-0.592662545839611,14.5230968363731,-0.322278445132577,1.52842983783467,0.725216971635412
15.6,-0.607847544851502,14.5671187303316,-0.285136560798777,0.245060467560943,0.766549474491287
15.65,-0.621128861399941,14.5486793851447,-0.245776004870518,-0.964392594592595,0.80639858060394
15.7,-0.632399657741942,14.470927867032,-0.204766503900681,-2.13899919258913,0.821834183568626
15.75,-0.641628577046321,14.3346644358243,-0.163823299157049,-3.31233300757663,0.891650244491116
15.8,-0.648213911201539,14.1398179917057,-0.0861320603847192,-4.48024320571518,2.48959738469279
15.85,-0.648455909287998,13.8862582925557,0.0945357865629234,-5.67772136999788,4.61187767751841
15.9,-0.637458303916503,13.5706444164407,0.352231050394161,-6.94808938598546,5.46225692362512
15.95,-0.61316297492227,13.1927794867475,0.614843995757535,-8.12509486490841,4.87124786324289
16,-0.576807272963673,12.7653116680755,0.826943872277479,-8.8488723465174,3.4618625188787
16.05,-0.532055604685981,12.3229902486093,0.943441539164557,-8.71331859567939,1.08419348489208
16.1,-0.48484579503226,11.91066623003,0.917873887103724,-7.61052901954125,-2.24708192752276
16.15,-0.443231200554876,11.5731595131472,0.721594280164601,-5.84122881468608,-5.31824572061815
16.2,-0.414464817904641,11.3289716641849,0.417166008309752,-3.92006849773375,-6.60068682206361
16.25,-0.401953321091614,11.1780032775004,0.084592317712062,-2.14961011848424,-6.51371070534812
16.3,-0.405593319883664,11.110796932797,-0.220819932884133,-0.563633393571012,-5.54894769950354
16.35,-0.422737415156827,11.1197236912083,-0.449105662753736,0.899899666307147,-3.51072705336908
16.4,-0.44849094753623,11.1989555878396,-0.558830037448739,2.25105613813799,-0.883160494498498
16.45,-0.476622559745456,11.3420930662179,-0.554887351860219,3.44535951232049,0.728195327543424
16.5,-0.503507573024117,11.5404848955136,-0.5184275151584,4.45737762924699,0.685816549002016
16.55,-0.528627673496333,11.78428824821,-0.48850122116049,5.25052768030676,0.549811648829501
16.6,-0.55234899489738,12.0605656311698,-0.459849604630871,5.73814124468957,0.618002447989596
16.65,-0.574500226229358,12.3512709664489,-0.425380622088942,5.82920194256973,0.77196659370783
16.7,-0.594742676902949,12.6363378318421,-0.382602228177163,5.50229774754238,0.933544005856657
16.75,-0.612786269338445,12.8958073257967,-0.337743705326957,4.82293917113165,1.06328504296038
16.8,-0.627981386681803,13.1123443712025,-0.258745668663061,3.78499821180683,2.17644007323492
16.85,-0.637086727996874,13.2677006458113,-0.0854039847432806,2.3610337433798,4.8819450033788
16.9,-0.633897773741838,13.3429927913871,0.242352918874537,0.590116991907656,8.26864089377733
16.95,-0.610167093079177,13.3225816473502,0.728916639080601,-1.44435076966217,11.0002015863053
17,-0.559270113271522,13.1962738211024,1.31817872123533,-3.61070160441181,12.357321405756
17.05,-0.477843639376543,12.96205649075,1.93390996200078,-5.71426462717847,11.8679565981583
17.1,-0.367343919020318,12.6339388944987,2.46497814876504,-7.28240032956953,9.09169864924841
17.15,-0.234285371571193,12.2515283536019,2.82411579883627,-7.81432143786019,5.17753360983089
17.2,-0.0883426027533911,11.8723343364909,2.97930493281101,-7.17590122823349,1.06377646485809
17.25,0.0603818417641903,11.5477118309798,2.93760617457901,-5.71026422211139,-2.69378557809219
17.3,0.202136783759783,11.3069670385523,2.69442064645521,-3.8939832076248,-7.24076415120871
17.35,0.325665506457717,11.1587282711217,2.20544288166656,-2.0468733130703,-12.2358449033266
17.4,0.418930686045633,11.0997761316477,1.49392607820992,-0.325352239684361,-15.9112746951579
17.45,0.472846191643448,11.124868437171,0.650679216821533,1.32953308718964,-17.431220476517
17.5,0.483766146468233,11.2340958054642,-0.205187725960909,3.0552554105211,-16.3497930792911
17.55,0.454405184830273,11.4326893528564,-0.93774412235025,4.89436716735575,-12.560851834465
17.6,0.394033000821967,11.7211250014124,-1.430108298843,6.57475933989494,-6.95136330169599
17.65,0.316428459399492,12.0780283909361,-1.62247527736123,7.52138034855505,-0.743491580330602
17.7,0.236890686673546,12.4518214993696,-1.50893491029365,7.20247776480457,5.26534315961946
17.75,0.170350856683271,12.7758644080518,-1.11197306323437,5.57733621488955,10.1423304327969
17.8,0.12841790575193,12.9980343430342,-0.549866045853096,3.25022388156164,11.9066665253598
17.85,0.115784572271,13.1003765738406,0.0390810055015889,0.876362978729472,11.3646028709163
17.9,0.131215153209258,13.0903064128648,0.562486020841559,-1.21765148168807,9.40728817158232
17.95,0.170038022468695,12.9861260419894,0.967855922106505,-2.86304531449712,6.7442015785274
18,0.225683896592127,12.8134407706422,1.23383303805179,-3.92520690589035,3.90879274102696
18.05,0.291111547543443,12.6050873538785,1.36223957138994,-4.30234687125344,1.27299822772931
18.1,0.359852765799223,12.394834915588,1.36864368591193,-4.00656617656862,-0.931792093273875
18.15,0.426365792807827,12.2131932103577,1.27817488760697,-3.18433960001212,-2.58995305944199
18.2,0.486543230639289,12.081818848432,1.11971866863838,-2.02843666287524,-3.67550517230142
18.25,0.537651771023017,12.0129155948161,0.919464032143968,-0.719027915963805,-4.28095062691369
18.3,0.57806481483779,12.0103995134087,0.697267567638669,0.608604764350235,-4.4618211845926
18.35,0.607552342652641,12.0717320555281,0.481744821239991,1.82639229560617,-4.18032594701412
18.4,0.626374278399774,12.1903283468073,0.270131406393435,2.89013331701946,-4.4691836663413
18.45,0.633746402606856,12.359609668304,0.00480838448876736,3.90452666391556,-6.46027898385859
18.5,0.624380338282716,12.5837158703043,-0.407328109381755,5.0813099669025,-10.1866069546097
18.55,0.589480037070146,12.8713180212101,-1.0244167585332,6.44138164785596,-14.341071961983
18.6,0.519811837894741,13.2223029554249,-1.76468018722293,7.46544840423997,-14.6264771121807
18.65,0.414228354501699,13.5992568015879,-2.43598107742151,7.41387694229123,-11.854467075727
18.7,0.279290150434176,13.9454942318939,-2.92461171597712,6.30043696116613,-7.55445337211502
18.75,0.125597132144203,14.2208889903673,-3.18465363195232,4.67744945728805,-2.84460715981925
18.8,-0.0353222463379204,14.4142653204819,-3.21524655107694,3.09360836132037,1.51689214727311
18.85,-0.192610827276766,14.5359572738594,-3.04672910053538,1.83137650717562,5.07344183124925
18.9,-0.337441824408708,14.6032543353439,-2.72539988940141,0.915245200083993,7.60877347506295
18.95,-0.463466530092851,14.631675588779,-2.30102733899437,0.255717248167945,9.31534653827559
19,-0.565995578300006,14.6320049646181,-1.78168709041972,-0.210906586480673,11.5474458618425
19.05,-0.639615382713392,14.6134556252458,-1.14292002642859,-0.506707045543662,13.9759057490063
19.1,-0.67841475405558,14.5831098600682,-0.392959470589084,-0.697162297548235,15.9010129178271
19.15,-0.677632535094404,14.5439548814157,0.434022586377697,-0.873502655188189,17.0700146732428
19.2,-0.634279295825253,14.4946563589986,1.30239070413944,-1.11856309480171,17.3875718375682
19.25,-0.548190138432082,14.4287517259842,2.12224553176205,-1.56300880841218,14.9984502357264
19.3,-0.425012430416744,14.3330245791016,2.76721007657908,-2.32870127111128,10.5879498983841
19.35,-0.275562136103138,14.1906832660743,3.16919214260544,-3.40067189935039,5.45048336229074
19.4,-0.112391273784578,13.9906263575052,3.31548337148202,-4.59824239564447,0.490454398708229
19.45,0.0521450682248812,13.7341534517579,3.23102272983966,-5.59616917929579,-3.7210520118141
19.5,0.207619467719296,13.440381951865,2.96153905994371,-6.04029025535105,-6.88428695852839
19.55,0.346203191192649,13.1424081342968,2.56505143810005,-5.74120124055031,-8.91932199121817
19.6,0.462384708126534,12.8792284222729,2.062292975103,-4.65854458459715,-11.2210632538993
19.65,0.550208180906255,12.6893186196514,1.42699278846413,-2.83061823082474,-14.1540751870795
19.7,0.603018332155869,12.6041315013532,0.673544154622415,-0.524043451454834,-15.6511707140894
19.75,0.617330189803122,12.6363162932172,-0.0921047769506145,1.74954168119199,-14.5375228065447
19.8,0.595847208641578,12.7691187176813,-0.736798109943925,3.40924880051647,-10.962772639197
19.85,0.547138199718445,12.9610225854013,-1.17504988394634,4.1009329861961,-6.50174231530164
19.9,0.48216596196752,13.1624457358486,-1.38472842799246,3.79968322385413,-1.85732734130473
19.95,0.412551434005439,13.3275930553652,-1.35983631788521,2.69404579507349,2.85684337622105
20,0.350027449869706,13.4227511691831,-1.10767812334719,1.04600439405475,6.92828840561655
20.05,0.304309697339306,13.4285646085145,-0.705720631956151,-0.829015693290454,8.79728231164001
20.1,0.280167366128927,13.3399201064995,-0.259095395148814,-2.70154031139888,8.83369670089063
20.15,0.277846923467337,13.161331793541,0.15656483858787,-4.39595933946486,7.68742625402941
20.2,0.294586977667439,12.9066199857047,0.496624048705832,-5.69915229847048,5.88969225857161
20.25,0.325762389558111,12.6024294085905,0.725529111415538,-6.33303896046501,2.99223218508671
20.3,0.364044184509951,12.2900036886628,0.769776185103829,-5.98277355841214,-1.38450450470673
20.35,0.399012023361345,12.020787703036,0.598238065785477,-4.66451669858271,-5.24548913914069
20.4,0.421439605561191,11.8321249569188,0.283819107379744,-2.83584235664372,-6.99807445720624
20.45,0.426856454015937,11.7372281534596,-0.0628781341342948,-0.98546628199391,-6.49613888838996
20.5,0.416480994731401,11.7294889749925,-0.332068661572429,0.619868877364762,-3.99646571218937
20.55,0.396376937154952,11.7920328053128,-0.439908131477602,1.7961335677918,-0.19225176134563
20.6,0.375712053571238,11.9001661380897,-0.3616218519423,2.42896269761018,2.98816143335934
20.65,0.362049734002594,12.0276327208804,-0.170605091379381,2.60683512837322,4.42860856546101
20.7,0.359258710053728,12.1554345399746,0.0596271241884847,2.47949132242497,4.62884673465336
20.75,0.36785466548023,12.2728956248647,0.27853233760419,2.20512609677209,4.03574286358288
20.8,0.386407066105157,12.3756261175068,0.455845802472834,1.90233250217995,3.00747818231306
20.85,0.41247420668566,12.4639267838145,0.576647409181477,1.64584962554849,1.816769168409
20.9,0.443088827025103,12.5413194818694,0.638000973109767,1.46523784469162,0.657861921395941
20.95,0.475370361939557,12.6115954803071,0.645113308950519,1.35589106960785,-0.343619534748374
21,0.506849871337543,12.6777362427088,0.607597088473341,1.29376676081712,-1.11906738499035
21.05,0.535585147772565,12.7412053352382,0.537465417136652,1.24310112426332,-1.64461014996897
21.1,0.560260073923332,12.8016608677576,0.447187442757347,1.16842574211631,-1.9291055384496
21.15,0.580165249571424,12.8571338020782,0.348105703121126,1.0419892476644,-2.0031466606274
21.2,0.595085881209509,12.9047048877183,0.249661033427745,0.847908006424679,-1.90959003064206
21.25,0.605258031047639,12.9408356422801,0.159154203885314,0.582866639956807,-1.69588725864367
21.3,0.611214636748978,12.9620678515524,0.0813250839452211,0.256331431317125,-1.40830281462279
21.35,0.613653242624742,12.9656918722734,0.018854071099252,-0.113525081544528,-1.08794001763002
21.4,0.613368153761537,12.9503153183855,-0.0274754264112002,-0.502005160538239,-0.76838138043378
21.45,0.611160254465242,12.9156966934927,-0.0584014772821536,-0.881278797665694,-0.474676946222718
21.5,0.607756833979421,12.8628803953542,-0.0756910102841033,-1.2220736453581,-0.22338073818684
21.55,0.603781008398182,12.7944911179479,-0.0816302081439769,-1.49817276520458,-0.0233340102684387
21.6,0.600069272323716,12.7133975235728,-0.0741842401971956,-1.70080811609856,-0.282316636662783
21.65,0.594595881210618,12.6319104345575,-0.165844370154332,-1.4809936471459,-3.59564074931318
21.7,0.579891486288659,12.5776383814868,-0.463542444073796,-0.555112128868027,-8.33502237773676
21.75,0.544504060466185,12.5869350728568,-0.983880684758181,1.0238032095168,-12.1175549025276
21.8,0.479411259786048,12.6835299044695,-1.62811264021716,2.82747971423202,-13.2485184635939
21.85,0.382027927307111,12.8639436303841,-2.25219344673784,4.26270785074833,-11.2650559072536
21.9,0.256770011785622,13.0949683077715,-2.72710274077641,4.81389441693357,-7.55237173903689
21.95,0.112750878971758,13.3290814877187,-2.99762812843472,4.40237451637537,-3.24382292178291
22,-0.0394219093032943,13.5229695242349,-3.05487316761142,3.26249032939019,0.878465977197518
22.05,-0.189546953921727,13.6488037451336,-2.92132723372445,1.72720178242371,4.32881064901549
22.1,-0.329020249317639,13.6932604503339,-2.63341105110145,0.0349295104698466,7.23055526651248
22.15,-0.450332263404763,13.6503270311831,-2.19336223828092,-1.77816900699977,10.3724699760621
22.2,-0.545800679800951,13.5126362869959,-1.60030062796366,-3.78101337759273,13.3033164069479
22.25,-0.60809470572438,13.267602473987,-0.870920159993636,-6.0787164386674,15.7832427725846
22.3,-0.631047194851822,12.8994997455365,-0.0333303163121288,-8.64013574500855,17.5444048430362
22.35,-0.610408250592822,12.4060967165653,0.864763287776737,-11.0042892513671,18.1206197745842
22.4,-0.54491603135944,11.8190996415901,1.74089688556508,-12.2058149286473,16.4707336265774
22.45,-0.438786359998991,11.2180987040616,2.47043065615292,-11.5180217822952,12.4360559236703
22.5,-0.301788446658748,10.6892182414034,2.96732319253269,-9.55153182037817,7.36558188895731
22.55,-0.146374424534981,10.2631394441218,3.20651446113444,-7.55592812761496,2.25541165489371
22.6,0.0148148429422231,9.91910805837039,3.20350716297523,-6.36649520946155,-2.24194145499355
22.65,0.170614439164827,9.60957640117686,2.99912983692519,-6.18199943124357,-5.75861834736791
22.7,0.312232159150472,9.28797578879489,2.64665871013553,-6.87193294493453,-8.15015282128462
22.75,0.433756117589626,8.91315288569398,2.20310108553295,-8.22027559003686,-9.43611734980587
22.8,0.531930145963557,8.45921408719225,1.72013110803677,-9.8777889076433,-9.74602530828039
22.85,0.605840798266062,7.92902150627303,1.24013752732522,-11.198927771364,-9.40376908367013
22.9,0.656035408942995,7.353286985997,0.76394392019894,-11.6537860430344,-9.83948982683724
22.95,0.681401842509489,6.78428703193364,0.238535299154388,-10.8917069929395,-11.3104974731781
23,0.678427482709229,6.28530156192444,-0.378118782353979,-8.88055326312592,-13.5672047030422
23.05,0.641249359482302,5.91174031580124,-1.12514919042555,-5.97196777191104,-16.1610624733144
23.1,0.564692665657676,5.69161141990238,-1.93551857712397,-2.86174118510167,-15.5800436519149
23.15,0.449683839316083,5.61713602735676,-2.63626688257944,-0.213959304427825,-12.1300193784785
23.2,0.304626420122692,5.65949733903078,-3.12582578046488,1.79275890714269,-7.33715021704606
23.25,0.141274901171,5.78387580992555,-3.36599089281504,3.03861658345655,-2.30422116725415
23.3,-0.0279316246142784,5.94900565197264,-3.36493232491999,3.42739401653632,2.23423346639273
23.35,-0.191751692276512,6.11253543071646,-3.15797172894868,2.98590456525423,5.84980403710356
23.4,-0.341176340535194,6.23703381724728,-2.79935071088441,1.90272449007835,8.3557347656221
23.45,-0.470112790353852,6.29651676339969,-2.34309979968498,0.437370917722758,9.81522618642483
23.5,-0.574185291793503,6.27781777244994,-1.79898845426626,-1.23803620052401,12.2283899144626
23.55,-0.647301735193859,6.16764782827389,-1.09803124605995,-3.21352467724764,15.8766000622446
23.6,-0.680865979127911,5.95300927389752,-0.216584083201799,-5.35311956972791,19.139923849687
23.65,-0.667044712854944,5.63805132798355,0.778317042355179,-7.10703576296703,20.1152717439723
23.7,-0.603719675381621,5.26326889998554,1.73114811184906,-7.6715285321145,17.3856731740996
23.75,-0.497901875566079,4.89563282256798,2.44486434076831,-6.80121172161742,10.5440050677546
23.8,-0.366286833124317,4.59592525270949,2.74178192101958,-5.16127115537059,1.13426206357459
23.85,-0.231798060176737,4.37579082722824,2.55837053411061,-3.72710626685543,-8.30561754309707
23.9,-0.11764703202877,4.20939536629376,1.9495796064705,-3.06455750912537,-15.3414036864558
23.95,-0.0407954220027167,4.05639939829286,1.10301709844789,-3.17014944426732,-17.9010907534853
24,-0.00796919092622887,3.88370001932036,0.216101861097741,-3.801778673823,-17.1607487863676
24.05,-0.0176064560312315,3.67164370666923,-0.578077745639036,-4.70854221869944,-14.3703157590605
24.1,-0.0629387988408545,3.41224371700119,-1.20322204886604,-5.65696932224601,-10.5346589386119
24.15,-0.134551892118235,3.10835778582507,-1.6269443694396,-6.46533202331526,-6.41688803636824
24.2,-0.222305686377949,2.76915374659799,-1.8512876902498,-7.07539651011463,-2.55523652665346
24.25,-0.316486242092643,2.40416226872601,-1.88117441530626,-7.51851673595642,1.30077282562369
24.3,-0.406898629776294,2.0181864351587,-1.69886160837263,-7.91626105899625,6.02978371549379
24.35,-0.482418984004541,1.6095916445918,-1.28436613036991,-8.54355641404952,10.3613061696012
24.4,-0.532358825138428,1.15336488424412,-0.693546571726498,-9.79480261043396,12.9550896029296
24.45,-0.550547552413809,0.618325033158967,-0.0324813182439159,-11.6155911935059,13.091110094221
24.5,-0.536543562216795,-0.00442912560527242,0.573127044056986,-13.1520629959601,10.803329595368
24.55,-0.495823000229793,-0.672518685077596,1.02774948261008,-13.3296109149926,7.29189804092756
24.6,-0.436808003002392,-1.31087368139613,1.30271323657188,-11.9842928174358,3.76746201544431
24.65,-0.368280649920359,-1.86180834127634,1.41345864058544,-10.0496934333275,0.771917492295993
24.7,-0.297686759993795,-2.32133065380937,1.39004645125575,-8.42484516540066,-1.64444864926283
24.75,-0.231144351940451,-2.71725869187532,1.25454006223059,-7.55654857719094,-3.71279393665129
24.8,-0.173778612233671,-3.09119221768819,1.02616160278578,-7.53183918182369,-5.358771260007
24.85,-0.129748343581857,-3.48291816557391,0.724116240904219,-8.24752178864384,-6.68332176425201
24.9,-0.102373905636612,-3.92416483410979,0.360630941876743,-9.46899730785345,-7.82746565509584
24.95,-0.0944993454335589,-4.43104338861164,-0.049254352824203,-10.7694945255908,-8.43539367077692
25,-0.107399450937445,-4.99348394568857,-0.463065336928255,-11.5918705976677,-7.87970270209645
25.05,-0.139661167767839,-5.57629621587676,-0.808677098779308,-11.584595504192,-5.66477878151478
25.1,-0.185713827159032,-6.1437738394373,-1.00100899354287,-11.068593120584,-1.7466030165092
25.15,-0.235797168898676,-6.68133788168638,-0.955645023527228,-10.4620323951185,3.79392347779978
25.2,-0.276234760891916,-7.19355749539814,-0.614124848413792,-9.91850838248264,9.4694184132349
25.25,-0.293339555351175,-7.66351977037071,-0.0463343614376706,-8.8507907603782,12.9969355081522
25.3,-0.278990108122552,-8.06207604599423,0.626743506751903,-7.00634924576191,13.5322713590724
25.35,-0.231352214080238,-8.35660814407315,1.26239193580238,-4.70660527930882,11.4520523386333
25.4,-0.155329741689434,-8.53553939088886,1.74614746866694,-2.54091355821527,7.69983842988529
25.45,-0.0603409058830077,-8.61858290231451,2.02331510672682,-0.839649318999715,3.30732332734676
25.5,0.0433224289653809,-8.62986718526289,2.08570531863619,0.310891201670606,-0.659251888471335
25.55,0.145313403446814,-8.59505526333149,1.96395062499756,1.02914505705704,-4.10558230887814
25.6,0.237178523930096,-8.53176590324004,1.69180401766644,1.47849255262689,-6.58473592414111
25.65,0.313062027159211,-8.44807528224919,1.33603391851882,1.86390496419432,-7.32495133568101
25.7,0.371207524762168,-8.34215617751469,0.988130713340573,2.39627028801778,-7.1602916012492
25.75,0.41024550898677,-8.20777150745125,0.555400059712522,2.99019069765144,-9.70156687844947
25.8,0.425573563022181,-8.0404933766216,0.0549673367909622,3.74669596315065,-9.97347943071825
25.85,0.416289473538631,-7.82807751738251,-0.416457632989495,4.79401846252883,-8.68957557580763
25.9,0.385425523600362,-7.55707666137925,-0.799604693309212,6.07026680787398,-6.55090299152006
25.95,0.338271510024773,-7.22127659005914,-1.06610793889941,7.32754963530812,-4.0945020980121
26,0.280873712881722,-6.83118711194129,-1.21039092060112,8.18158917491206,-1.70512798509215
26.05,0.219118295346062,-6.41527525742811,-1.24212037047256,8.30902384410871,0.366801617446288
26.1,0.158195157546998,-6.0141074401679,-1.18137833659295,7.6142895560976,1.98329827645893
26.15,0.102117383769813,-5.66451576878814,-1.05244386110326,6.28870170644539,3.09517097724477
26.2,0.0536733659331118,-5.390174559959,-0.880196668429404,4.66036237840968,3.71863013976459
26.25,0.0144285451636351,-5.19943317840127,-0.687836815360654,2.96870725611804,3.91367162270915
26.3,-0.0151003995588733,-5.09215198954447,-0.494694469775567,1.33866496508627,3.76531574044696
26.35,-0.0352598575581401,-5.06392695357437,-0.315616879212148,-0.190947078993656,3.36831725492599
26.4,-0.0470688875867566,-5.1099797511634,-0.160509839206799,-1.62211184942583,2.81555616257131
26.45,-0.0518437518637464,-5.22446766477987,-0.0351725253225819,-2.93482860673389,2.18999087895883
26.5,-0.0511136789658058,-5.40023271575977,0.0584095069465959,-4.07351214031486,1.55981546225412
26.55,-0.0464926819899979,-5.62752287840692,0.121503645704639,-4.95809412671422,0.976309927967073
26.6,-0.0394176062524758,-5.89005403300669,0.157430549010522,-5.4840753966408,0.473798766707223
26.65,-0.0311321124286819,-6.1684100441843,0.170652158756722,-5.58375440076474,0.0711239605952207
26.7,-0.0226443610081077,-6.44127001751116,0.166320303861091,-5.25659190342489,-0.225920642098823
26.75,-0.0147034657796067,-6.68830757020247,0.149735747533914,-4.5635719436694,-0.421672729391739
26.8,-0.00779363170484713,-6.893319590644,0.125674978517053,-3.60179862433586,-0.527589057278902
26.85,-0.00219020944342863,-7.04562133124525,0.0982253973607133,-2.4803067556135,-0.559424344430064
26.9,0.00202615596919633,-7.14035937225363,0.0706796646191249,-1.3059973273896,-0.534793043409287
26.95,0.00491597558424986,-7.17640900860167,0.0454008633671517,-0.140362336458959,-0.471220086331325
27,0.0066313246092905,-7.15540528541074,0.0239417450909891,0.964414576389998,-0.384715830657554
27.05,0.00738662417125803,-7.08163517933977,0.00709378369192178,1.96464854226107,-0.288856019864652
27.1,0.00742055907900947,-6.96145479427088,-0.00496622766784929,2.81321670919381,-0.194309673469169
27.15,0.00696606870526063,-6.80366909736878,-0.0124984292289733,3.46104141848115,-0.108735103303108
27.2,0.0062366858573647,-6.61930782072658,-0.0160750906739418,3.86493532288527,-0.0369544890188762
27.25,0.00541158608912956,-6.42159369596245,-0.0164660739796211,3.99366008326979,0.0186820688307006
27.3,0.00462924161518809,-6.2247965291951,-0.01449554432068,3.83884824648044,0.0578241928620229
27.35,0.0039882040637012,-6.04219092188738,-0.010950606461388,3.42713729037744,0.081609098962019
27.4,0.00354857364189513,-5.88533521935289,-0.0065574437930449,2.81085907045184,0.0921631895567019
27.45,0.00333644076340373,-5.76329780783022,-0.00191255256763808,2.04888298139531,0.0921553653359549
27.5,0.00335343358743402,-5.68194872930978,0.00252741925829255,1.20378199883665,0.084425515143665
27.55,0.00358060132658412,-5.64350133012716,0.0064449293971373,0.336233766476482,0.0716990405944461
27.6,0.00398617159847734,-5.64786900395862,0.00965344086770898,-0.504169980858721,0.0563881432507837
27.65,0.00453265585557253,-5.69270755741582,0.0120742672058744,-1.27227210445049,0.0404731348609567
27.7,0.00518060671429874,-5.77330045170952,0.0137159376087726,-1.92843463618547,0.0254521374154016
27.75,0.0058925124664794,-5.88309255944286,0.0146520725151303,-2.43556085119936,0.0123449386819343
27.8,0.00663586372195562,-6.01383030087914,0.0149934808486405,-2.76269418349023,0.00173606215090577
27.85,0.00738412673450891,-6.15611449527399,0.0148717606174611,-2.89222903293591,-0.00615715244938614
27.9,0.00811758788424526,-6.2998493949645,0.0144227967776005,-2.82057119808586,-0.011403931287862
27.95,0.00882309869961735,-6.43499600508649,0.0137719156063292,-2.5597916029909,-0.0142770731873296
28,0.00949325403062834,-6.55302246107315,0.0130281802194892,-2.14004246959628,-0.0151752015113576
28.05,0.0101257589532576,-6.64728600812287,0.0122800876795188,-1.60220162041362,-0.0145553854132719
28.1,0.0107222751743302,-6.71246465283367,0.0115906933699517,-0.989305841204934,-0.0128790010239533
28.15,0.0112866774877557,-6.74562724229212,0.0110025250153085,-0.345404688001617,-0.0105718159975948
28.2,0.0118245809697054,-6.74672930526418,0.010538089382018,0.286381250508133,-0.00799781989719835
28.25,0.0123425608531114,-6.71761950610212,0.0102026586135351,0.868314749278812,-0.00544529601588875
28.3,0.0128468989724253,-6.66136199357057,0.00998952324757572,1.36654192038105,-0.00312300665835632
28.35,0.0133433221157182,-6.58281009840268,0.00988408643486094,1.75263211941231,-0.00116408731527936
28.4,0.0138367545342058,-6.488205977812,0.009865969591549,2.00623838052004,0.000364754747076183
28.45,0.0143310014087349,-6.38458366618084,0.00991305553484543,2.11373842761764,0.00145093978673455
28.5,0.0148287849047882,-6.27935247478599,0.0100038691647422,2.0727253693164,0.00212248229143367
28.55,0.0153318019050874,-6.17956689065185,0.0101190911435183,1.89367254027711,0.00243469438076855
28.6,0.0158408306989417,-6.0917607905998,0.0102424508364197,1.59609629117477,0.00245817935023073
28.65,0.0163559547960631,-6.02146989370571,0.0103613629417391,1.20656038980869,0.00226877649612708
28.7,0.0168767413503204,-5.97230865716548,0.0104669914564788,0.757259844328278,0.00193977622050828
28.75,0.0174023530336215,-5.94625137606316,0.0105540738350798,0.28211588882148,0.00153644767517992
28.8,0.0179317984556992,-5.94396722194543,0.0106203076129652,-0.187008485830172,0.00111271549472185
28.85,0.0184640343939591,-5.96438834106816,0.0106657029446398,-0.620526814377622,0.000709685633978381
28.9,0.0189980529816792,-6.00501913917208,0.0106920958592428,-0.992524839841103,0.000355645796351744
28.95,0.0195329750111981,-6.06223138743657,0.0107023914345095,-1.28068133273816,6.71429674208181e-05
29,0.0200680808432428,-6.13144586541542,0.0107000351486356,-1.46969696705633,-0.000149242810870343
29.05,0.0206028284558771,-6.20745603644345,0.0106886584210432,-1.55101013168495,-0.00029476514434979
29.1,0.0211368541028743,-6.28472004581235,0.0106716586666299,-1.52301115724705,-0.000376294645065719
29.15,0.021669949500911,-6.35802060866215,0.0106519585884856,-1.39315901012712,-0.000404227686946038
29.2,0.0222020433012925,-6.422713947827,0.0106319496962603,-1.17588479724624,-0.000390662501917457
29.25,0.0227331701909976,-6.4746229442319,0.0106133882823941,-0.890462015717753,-0.00034792383618091
29.3,0.0232634283706039,-6.51088342565541,0.0105974544416344,-0.559637646342501,-0.000287466204048652
29.35,0.0237929690195037,-6.53009701248927,0.0105847786635013,-0.208683716895436,-0.000219145865178886
29.4,0.0243219629630623,-6.53180987360584,0.0105755411535832,0.138273070558436,-0.000150823326404144
29.45,0.0248505783054982,-6.51671538199935,0.010569594118362,0.458499245547586,-8.82406889378692e-05
29.5,0.025378970859767,-6.48669979545454,0.0105665539504157,0.732597048098211,-3.51100717402785e-05
29.55,0.0259072732618024,-6.44449603779502,0.0105658893921988,0.944241666002238,6.65120886390702e-06
29.6,0.0264355897043693,-6.3935184081294,0.0105670187315752,1.08185312178351,3.65980203402377e-05
29.65,0.0269639954068867,-6.33760274984492,0.0105693612130261,1.13994328687593,5.53980336789465e-05
29.7,0.0274925371649012,-6.2808251300717,0.0105723919966393,1.11792664488022,6.4475690035004e-05
29.75,0.0280212385275757,-6.22709371390079,0.0105756716866457,1.02093137944491,6.56885313142301e-05
29.8,0.02855010302657,-6.17976894725823,0.0105788585611394,0.859838475756777,6.10543713508298e-05
29.85,0.0290791189895528,-6.14172616588269,0.0105817103569653,0.64886826619051,5.25385321028522e-05
29.9,0.0296082654694156,-6.11530935199307,0.010584079014489,0.404810126007973,4.19028355693169e-05
29.95,0.0301375172568032,-6.10168268636022,0.0105858916784705,0.145641269364231,3.06123968300853e-05
30,0.0306668456370075,-6.10086915051403,0.0105871471751168,-0.1100445943843,1.9792472159927e-05
30.05,0.0311962235828799,-6.11234067495537,0.010587891601043,-0.345627141917841,1.0225497532389e-05
30.1,0.031725627483045,-6.13480782495512,0.0105882002434453,-0.545858947312399,2.37773418757342e-06
30.15,0.0322550378254197,-6.16619239702182,0.0105881628116445,-0.69935128783529,-3.55469764742915e-06
30.2,0.0327844396445026,-6.20389008770705,0.0105878767305933,-0.798366081831495,-7.58949085600211e-06
30.25,0.0333138228968834,-6.24504810066009,0.0105874333635419,-0.838333772012175,-9.89903736327996e-06
30.3,0.0338431816961451,-6.28672588012724,0.0105869120126085,-0.819431058282508,-1.07542464776424e-05
30.35,0.0343725138458693,-6.32613759231081,0.0105863774883583,-0.74608777049118,-1.04752265126178e-05
30.4,0.0349018200606576,-6.36061875756569,0.0105858781037898,-0.62585466007306,-9.39112434921258e-06
30.45,0.0354311028455179,-6.38806460971298,0.0105854466478463,-0.469125672090049,-7.81002955149999e-06
30.5,0.0359603661393973,-6.40707472802593,0.0105851010618051,-0.288723318578111,-5.99875952303117e-06
30.55,0.0364896144670608,-6.41676842691757,0.0105848470541805,-0.0980008421349288,-4.17156130039893e-06
30.6,0.0370188523257248,-6.41692301547039,0.0105846813857179,0.0896540192487836,-2.48627619973869e-06
30.65,0.03754808391406,-6.40804279847469,0.0105845942148083,0.261981466502274,-1.04627821869832e-06
30.7,0.0380773128223141,-6.39116800731129,0.0105845715851169,0.408000242739212,9.3532851784111e-08
30.75,0.0386065418921762,-6.36782617810994,0.0105845981085469,0.519095113682648,9.18280068292923e-07
30.8,0.0391357731952267,-6.3399167081874,0.0105846582959014,0.589707249407831,1.44357248786893e-06
30.85,0.03966500804351,-6.30957559605229,0.010584737979963,0.616793033073292,1.70597682290094e-06
30.9,0.040194247115781,-6.27897264818276,0.0105848252378006,0.600616298254808,1.75429601931592e-06
30.95,0.0407234905416818,-6.25014523886279,0.0105849106608713,0.544655213437796,1.64217017786425e-06
31,0.0412527380379717,-6.22501783173278,0.0105849876189712,0.454603445097952,1.42226519858631e-06
31.05,0.0417819890819619,-6.2051471456466,0.0105850518920946,0.338160074472875,1.14210957880573e-06
31.1,0.0423112429831938,-6.19154203517259,0.0105851014792832,0.20472131234377,8.4148500540313e-07
31.15,0.0428404989855397,-6.1848010112637,0.0105851362078627,0.0641984422597526,5.51171241157481e-07
31.2,0.0433697563732175,-6.18507323942308,0.0105851571537662,-0.0735285036694674,2.92785766716597e-07
31.25,0.0438990145032105,-6.19196801086147,0.0105851662574166,-0.199445919234197,7.94365934043931e-08
31.3,0.0444282728425971,-6.20468813804013,0.0105851659647813,-0.305591906545933,-8.30857793711932e-08
31.35,0.0449575309855106,-6.22209046460316,0.0105851588149814,-0.385668550861363,-1.94822739249907e-07
31.4,0.0454867886506354,-6.24276539162493,0.0105851472663934,-0.435733084045939,-2.60072262592153e-07
31.45,0.0460160456752585,-6.26513683916557,0.010585133479125,-0.45375380820776,-2.85880491573114e-07
31.5,0.0465453019911717,-6.28760143648641,0.0105851192049964,-0.440010687750864,-2.80708922386786e-07
31.55,0.0470745576093876,-6.30866890365944,0.0105851057849597,-0.397201810222764,-2.5334187616366e-07
31.6,0.0476038125987504,-6.32695821779019,0.0105850941078902,-0.329645428451215,-2.1206130168637e-07
31.65,0.0481330670594247,-6.34131678275334,0.0105850846863302,-0.243074047572456,-1.64086203487666e-07
31.7,0.0486623211084063,-6.35101270523563,0.0105850777123127,-0.144360963175813,-1.15252480603496e-07
31.75,0.0491915748693614,-6.35565511633835,0.0105850731050295,-0.0408784814154534,-6.98952847798599e-08
31.8,0.0497208284542532,-6.35514734638932,0.0105850706124078,0.060118160284317,-3.08892007464393e-08
31.85,0.050250081959997,-6.34978868454874,0.0105850698782323,0.151994719887348,1.99664463239725e-10
31.9,0.0507793354644383,-6.34019127158899,0.0105850704883767,0.229031130619222,2.28926258668684e-08
31.95,0.0513085890242854,-6.3272121333888,0.0105850720285528,0.286624638595655,3.75455628609839e-08
32,0.0518378426765156,-6.31189559363929,0.0105850741206117,0.32195758764993,4.50940797113685e-08
32.05,0.0523670964401075,-6.29539933297332,0.0105850764396285,0.333736219091698,4.68186337494745e-08
32.1,0.0528963503198081,-6.27891408360479,0.0105850787282474,0.322215440113713,4.41439869567777e-08
32.15,0.0534256043093823,-6.2635336870438,0.0105850808025744,0.289444505143215,3.84805830901223e-08
32.2,0.0539548583946684,-6.25022982610309,0.0105850825464976,0.238728137015247,3.11098803499675e-08
32.25,0.0544841125573936,-6.23986031120398,0.0105850839036545,0.174366204277564,2.31114286670761e-08
32.3,0.0550133667782363,-6.23297450137061,0.0105850848619092,0.10135356764629,1.53265685733732e-08
32.35,0.0555426210375142,-6.22981158367243,0.0105850854493439,0.0251838009787656,8.35193190324001e-09
32.4,0.056071875317867,-6.23041962658603,0.0105850857167854,-0.0488479712056596,2.55525825138797e-09
32.45,0.0566011296049064,-6.23457990480724,0.0105850857274726,-0.115817875514299,-1.8938165275071e-09
32.5,0.0571303838874819,-6.24182202244217,0.0105850855500848,-0.171640698499203,-4.98462237463704e-09
32.55,0.0576596381578822,-6.25150239578907,0.0105850852501799,-0.213015522004611,-6.82350694572669e-09
32.6,0.0581888924114366,-6.26284573150709,0.0105850848857414,-0.237845936385031,-7.59335988556844e-09
32.65,0.0587181466461759,-6.27500725980541,0.0105850845050294,-0.245371419349773,-7.51761399732357e-09
32.7,0.0592474008622894,-6.2871056197027,0.0105850841443025,-0.235861766318372,-6.83054184180548e-09
32.75,0.0597766550613769,-6.29832486751337,0.0105850838285353,-0.210784655376183,-5.75464713180033e-09
32.8,0.0603059092461112,-6.30798514023923,0.0105850835722917,-0.172699553454066,-4.48513863031031e-09
32.85,0.060835163419675,-6.31549512729022,0.0105850833807416,-0.124824614337686,-3.18088239727475e-09
32.9,0.0613644175852817,-6.32039555965289,0.0105850832524175,-0.0708798065871346,-1.96084665546856e-09
32.95,0.0618936717458982,-6.32249405194396,0.0105850831815806,-0.0147769296238249,-9.04857650367161e-10
33,0.0624229259042145,-6.321851335775,0.010585083158495,0.0394722004759818,-5.74410788519358e-11
33.05,0.0629521800623498,-6.31863321327334,0.0105850831721062,0.0883393968871625,5.66405354969506e-10
33.1,0.0634814342218493,-6.3131665519698,0.0105850832113912,0.128679549454931,9.74513833306827e-10
33.15,0.0640106883837466,-6.30593737692195,0.0105850832662286,0.158256504359596,1.19073509787773e-09
33.2,0.0645399425485861,-6.29753223945005,0.0105850833277741,0.175691563116992,1.24861680679452e-09
33.25,0.0650691967165166,-6.28858052422369,0.0105850833890375,0.180316929649102,1.18597083296117e-09
33.3,0.0655984508873982,-6.27971259796963,0.0105850834449438,0.172466778895716,1.04054645108682e-09
33.35,0.0661277050608706,-6.27150896083664,0.0105850834922408,0.153347250865047,8.46874955294534e-10
33.4,0.0666569592364499,-6.26451714163294,0.0105850835293189,0.124789738898396,6.3423514334219e-10
33.45,0.0671862134136204,-6.25915801626643,0.0105850835557698,0.0891641513272311,4.25608539727133e-10
33.5,0.0677154675918614,-6.25568923150846,0.0105850835722264,0.0492945316386549,2.37445399179691e-10
33.55,0.0682447217707003,-6.25425250621388,0.0105850835800259,0.00809642219176042,8.00426314616337e-11
33.6,0.0687739759497472,-6.25485361283995,0.0105850835808313,-0.0315602643120255,-4.16630374728757e-11
33.65,0.0693032301286973,-6.25734335028561,0.0105850835764655,-0.0671101676760362,-1.27065236346215e-10
33.7,0.0698324843073372,-6.26145886882795,0.0105850835686893,-0.0963280962684802,-1.78771780137747e-10
33.75,0.0703617384855359,-6.2668418084017,0.0105850835590748,-0.117526862167927,-2.01519229715552e-10
33.8,0.0708909926632355,-6.27306502371094,0.0105850835489289,-0.129727497563954,-2.01201112442067e-10
33.85,0.0714202468404368,-6.27965993847008,0.0105850835392411,-0.132513912268384,-1.8406083296825e-10
33.9,0.0719495010171794,-6.28616053002928,0.0105850835307034,-0.126147243207215,-1.56072710235637e-10
33.95,0.0724787551935328,-6.29214307870218,0.0105850835237282,-0.11156847485282,-1.22512451035375e-10
34,0.0730080093695809,-6.29722000818482,0.0105850835184734,-0.0901640248850341,-8.77020980357608e-11
34.05,0.0735372635454092,-6.3010758494514,0.0105850835149191,-0.0637021180488141,-5.49038608662059e-11
34.1,0.0740665177210987,-6.30352336618432,0.0105850835129116,-0.0342379205855931,-2.63316249232613e-11
34.15,0.0745957718967215,-6.3044787561903,0.0105850835121963,-0.00394423312785901,-3.24745405463313e-12
34.2,0.0751250260723351,-6.30394071255335,0.010585083512487,0.0250797534654968,1.38879301642021e-11
34.25,0.0756542802479821,-6.30202168085585,0.0105850835134885,0.0509480752039749,2.52378859264645e-11
34.3,0.0761835344236911,-6.2989231595991,0.0105850835149244,0.0720838044398468,3.14079203503576e-11
34.35,0.0767127885994778,-6.29491350450329,0.0105850835165576,0.0872510110171194,3.32756370422795e-11
34.4,0.077242042775347,-6.29030849398349,0.0105850835181969,0.0957501128494612,3.18436509059593e-11
34.45,0.0777712969512953,-6.28544995861805,0.0105850835197032,0.0973467406264062,2.81216403048709e-11
34.5,0.0783005511273135,-6.2806858501338,0.0105850835209861,0.0922404863263256,2.30395951544265e-11
34.55,0.0788298053033893,-6.27632823763362,0.0105850835219974,0.0811348899460369,1.73911431446828e-11
34.6,0.0793590594795086,-6.27264101953482,0.0105850835227255,0.0650915802408016,1.18036099548843e-11
34.65,0.0798883136556573,-6.26986195278747,0.0105850835231869,0.0454438927955809,6.73012405264554e-12
34.7,0.0804175678318233,-6.26813983251329,0.0105850835234132,0.0236811303351498,2.45848805485311e-12
34.75,0.0809468220079955,-6.26752087111825,0.0105850835234485,0.00140630254500139,-8.68447805944915e-13
34.8,0.0814760761841657,-6.26798598874742,0.0105850835233423,-0.019857604137239,-3.22572225796739e-12
34.85,0.0820053303603282,-6.26946067636736,0.0105850835231414,-0.0386801557751571,-4.6765869686155e-12
34.9,0.082534584536479,-6.27179671312474,0.0105850835228879,-0.053910812012331,-5.34341589633029e-12
34.95,0.0830638387126167,-6.27478449935647,0.0105850835226176,-0.0647481302596877,-5.38148687275837e-12
35,0.083593092888741,-6.27819079598364,0.0105850835223575,-0.0706547507067025,-4.9570645470546e-12
35.05,0.0841223470648529,-6.28176389350561,0.0105850835221269,-0.0714605015364592,-4.23046717781566e-12
35.1,0.0846516012409544,-6.28525801602159,0.0105850835219372,-0.0673934639404034,-3.34419699665352e-12
35.15,0.0851808554170474,-6.28843651407468,0.0105850835217932,-0.0589647655687735,-2.41576686367251e-12
35.2,0.0857101095931345,-6.29109351758918,0.0105850835216947,-0.0469455327394424,-1.53456027288694e-12
35.25,0.0862393637692176,-6.29308199356078,0.0105850835216379,-0.0323456120203596,-7.61901501007321e-13
35.3,0.0867686179452988,-6.29430303824196,0.0105850835216161,-0.0162904101104941,-1.33464801212021e-13
35.35,0.0872978721213797,-6.29470695511514,0.0105850835216218,5.42923418842337e-05,3.36810237747412e-13
35.4,0.0878271262974613,-6.29430967901796,0.0105850835216472,0.0155796927216674,6.52032137967408e-13
35.45,0.0883563804735446,-6.29317915868037,0.0105850835216847,0.0292769051146373,8.27501471753732e-13
35.5,0.0888856346496299,-6.29142718786632,0.0105850835217279,0.0402888122030185,8.86139058005747e-13
35.55,0.0894148888257174,-6.28920397302488,0.0105850835217717,0.0480245187370412,8.54505992922479e-13
35.6,0.089944143001807,-6.28668430653209,0.0105850835218123,0.0521214732058927,7.5959045886764e-13
35.65,0.0904733971778985,-6.28405499603962,0.010585083521847,0.0524665659061933,6.2642466798715e-13
35.7,0.0910026513539916,-6.28149654324722,0.0105850835218746,0.049242905477343,4.76508460958979e-13
35.75,0.0915319055300858,-6.2791787639387,0.0105850835218947,0.0428479367774334,3.26954622395208e-13
35.8,0.0920611597061809,-6.2772536552151,0.0105850835219076,0.0338611773193756,1.90233217844399e-13
35.85,0.0925904138822765,-6.27582858871311,0.0105850835219141,0.0230225516619194,7.43749876478151e-14
35.9,0.0931196680583722,-6.27497111119434,0.0105850835219154,0.0111783000801178,-1.65070203223606e-14
35.95,0.093648922234468,-6.27471347624261,0.0105850835219129,-0.000829840316726318,-8.15071866578674e-14
36,0.0942373333948767,-6.27522373535093,0.0151848055673209,-0.026145783801832,0.182165590410332
